Product Name,Price,Rating,Ratings Count,Product Link
"Apple iPhone 16 (Teal, 256 GB)","₹84,900",4.6,"(19,106)",https://www.flipkart.com/apple-iphone-16-teal-256-gb/p/itm2b7be11cfadef?pid=MOBH4DQFYKJHESFG&lid=LSTMOBH4DQFYKJHESFGP6ZE0Z&marketplace=FLIPKART&fm=neo%2Fmerchandising&iid=M_6318631a-30ba-4388-b926-3e7b49ef2b5e_43_QBM1SMZJ3K19_MC.MOBH4DQFYKJHESFG&ppt=clp&ppn=mobile-phones-store&ssid=ptb59e69v40000001753344723871&otracker=clp_pmu_v2_Apple%2BSmartphones_1_43.productCard.PMU_V2_Apple%2BiPhone%2B16%2B%2528Teal%252C%2B256%2BGB%2529_mobile-phones-store_MOBH4DQFYKJHESFG_neo%2Fmerchandising_0&otracker1=clp_pmu_v2_PINNED_neo%2Fmerchandising_Apple%2BSmartphones_LIST_productCard_cc_1_NA_view-all&cid=MOBH4DQFYKJHESFG
"Apple iPhone 16 (White, 128 GB)","₹74,900",4.6,"(19,106)",https://www.flipkart.com/apple-iphone-16-white-128-gb/p/itm7c0281cd247be?pid=MOBH4DQF849HCG6G&lid=LSTMOBH4DQF849HCG6GXHBPXY&marketplace=FLIPKART&fm=neo%2Fmerchandising&iid=M_6318631a-30ba-4388-b926-3e7b49ef2b5e_43_QBM1SMZJ3K19_MC.MOBH4DQF849HCG6G&ppt=clp&ppn=mobile-phones-store&ssid=ptb59e69v40000001753344723871&otracker=clp_pmu_v2_Apple%2BSmartphones_2_43.productCard.PMU_V2_Apple%2BiPhone%2B16%2B%2528White%252C%2B128%2BGB%2529_mobile-phones-store_MOBH4DQF849HCG6G_neo%2Fmerchandising_1&otracker1=clp_pmu_v2_PINNED_neo%2Fmerchandising_Apple%2BSmartphones_LIST_productCard_cc_2_NA_view-all&cid=MOBH4DQF849HCG6G
"Apple iPhone 13 (Starlight, 128 GB)","₹44,999",4.6,"(2,92,758)",https://www.flipkart.com/apple-iphone-13-starlight-128-gb/p/itmc9604f122ae7f?pid=MOBG6VF5ADKHKXFX&lid=LSTMOBG6VF5ADKHKXFX4LCPEV&marketplace=FLIPKART&fm=neo%2Fmerchandising&iid=M_6318631a-30ba-4388-b926-3e7b49ef2b5e_43_QBM1SMZJ3K19_MC.MOBG6VF5ADKHKXFX&ppt=clp&ppn=mobile-phones-store&ssid=ptb59e69v40000001753344723871&otracker=clp_pmu_v2_Apple%2BSmartphones_3_43.productCard.PMU_V2_Apple%2BiPhone%2B13%2B%2528Starlight%252C%2B128%2BGB%2529_mobile-phones-store_MOBG6VF5ADKHKXFX_neo%2Fmerchandising_2&otracker1=clp_pmu_v2_PINNED_neo%2Fmerchandising_Apple%2BSmartphones_LIST_productCard_cc_3_NA_view-all&cid=MOBG6VF5ADKHKXFX
"Apple iPhone 16 (Black, 256 GB)","₹84,900",4.6,"(19,106)",https://www.flipkart.com/apple-iphone-16-black-256-gb/p/itm86da1977dcdf1?pid=MOBH4DQFZCJJXUFG&lid=LSTMOBH4DQFZCJJXUFGO5DY3W&marketplace=FLIPKART&fm=neo%2Fmerchandising&iid=M_6318631a-30ba-4388-b926-3e7b49ef2b5e_43_QBM1SMZJ3K19_MC.MOBH4DQFZCJJXUFG&ppt=clp&ppn=mobile-phones-store&ssid=ptb59e69v40000001753344723871&otracker=clp_pmu_v2_Apple%2BSmartphones_4_43.productCard.PMU_V2_Apple%2BiPhone%2B16%2B%2528Black%252C%2B256%2BGB%2529_mobile-phones-store_MOBH4DQFZCJJXUFG_neo%2Fmerchandising_3&otracker1=clp_pmu_v2_PINNED_neo%2Fmerchandising_Apple%2BSmartphones_LIST_productCard_cc_4_NA_view-all&cid=MOBH4DQFZCJJXUFG
"Apple iPhone 13 (Midnight, 128 GB)","₹44,999",4.6,"(2,92,758)",https://www.flipkart.com/apple-iphone-13-midnight-128-gb/p/itmca361aab1c5b0?pid=MOBG6VF5Q82T3XRS&lid=LSTMOBG6VF5Q82T3XRSOXJLM9&marketplace=FLIPKART&fm=neo%2Fmerchandising&iid=M_6318631a-30ba-4388-b926-3e7b49ef2b5e_43_QBM1SMZJ3K19_MC.MOBG6VF5Q82T3XRS&ppt=clp&ppn=mobile-phones-store&ssid=ptb59e69v40000001753344723871&otracker=clp_pmu_v2_Apple%2BSmartphones_5_43.productCard.PMU_V2_Apple%2BiPhone%2B13%2B%2528Midnight%252C%2B128%2BGB%2529_mobile-phones-store_MOBG6VF5Q82T3XRS_neo%2Fmerchandising_4&otracker1=clp_pmu_v2_PINNED_neo%2Fmerchandising_Apple%2BSmartphones_LIST_productCard_cc_5_NA_view-all&cid=MOBG6VF5Q82T3XRS
"Apple iPhone 16e (White, 128 GB)","₹54,900",4.5,"(1,327)",https://www.flipkart.com/apple-iphone-16e-white-128-gb/p/itm7971f594b0906?pid=MOBH9JVHFHJJEFFX&lid=LSTMOBH9JVHFHJJEFFXTPSVBJ&marketplace=FLIPKART&fm=neo%2Fmerchandising&iid=M_6318631a-30ba-4388-b926-3e7b49ef2b5e_43_QBM1SMZJ3K19_MC.MOBH9JVHFHJJEFFX&ppt=clp&ppn=mobile-phones-store&ssid=ptb59e69v40000001753344723871&otracker=clp_pmu_v2_Apple%2BSmartphones_6_43.productCard.PMU_V2_Apple%2BiPhone%2B16e%2B%2528White%252C%2B128%2BGB%2529_mobile-phones-store_MOBH9JVHFHJJEFFX_neo%2Fmerchandising_5&otracker1=clp_pmu_v2_PINNED_neo%2Fmerchandising_Apple%2BSmartphones_LIST_productCard_cc_6_NA_view-all&cid=MOBH9JVHFHJJEFFX
"Motorola g45 5G (Brilliant Green, 128 GB)","₹11,999",4.3,"(1,89,489)",https://www.flipkart.com/motorola-g45-5g-brilliant-green-128-gb/p/itm4f3bbebe58a57?pid=MOBH3YKQQN3S9TQQ&lid=LSTMOBH3YKQQN3S9TQQIXCQDO&marketplace=FLIPKART&fm=neo%2Fmerchandising&iid=M_6318631a-30ba-4388-b926-3e7b49ef2b5e_44_AWE1529WOLK1_MC.MOBH3YKQQN3S9TQQ&ppt=clp&ppn=mobile-phones-store&ssid=ptb59e69v40000001753344723871&otracker=clp_pmu_v2_Motorola%2Bsmartphones_1_44.productCard.PMU_V2_Motorola%2Bg45%2B5G%2B%2528Brilliant%2BGreen%252C%2B128%2BGB%2529_mobile-phones-store_MOBH3YKQQN3S9TQQ_neo%2Fmerchandising_0&otracker1=clp_pmu_v2_PINNED_neo%2Fmerchandising_Motorola%2Bsmartphones_LIST_productCard_cc_1_NA_view-all&cid=MOBH3YKQQN3S9TQQ
"Motorola g45 5G (Brilliant Blue, 128 GB)","₹11,999",4.3,"(1,89,489)",https://www.flipkart.com/motorola-g45-5g-brilliant-blue-128-gb/p/itmc45105311348e?pid=MOBH3YKQT2HEAPAM&lid=LSTMOBH3YKQT2HEAPAMTX4TTX&marketplace=FLIPKART&fm=neo%2Fmerchandising&iid=M_6318631a-30ba-4388-b926-3e7b49ef2b5e_44_AWE1529WOLK1_MC.MOBH3YKQT2HEAPAM&ppt=clp&ppn=mobile-phones-store&ssid=ptb59e69v40000001753344723871&otracker=clp_pmu_v2_Motorola%2Bsmartphones_2_44.productCard.PMU_V2_Motorola%2Bg45%2B5G%2B%2528Brilliant%2BBlue%252C%2B128%2BGB%2529_mobile-phones-store_MOBH3YKQT2HEAPAM_neo%2Fmerchandising_1&otracker1=clp_pmu_v2_PINNED_neo%2Fmerchandising_Motorola%2Bsmartphones_LIST_productCard_cc_2_NA_view-all&cid=MOBH3YKQT2HEAPAM
"MOTOROLA g05 (Forest Green, 64 GB)","₹7,299",4.2,"(41,209)",https://www.flipkart.com/motorola-g05-forest-green-64-gb/p/itme5ed06a5943b9?pid=MOBH5F3Q2SGMAFHR&lid=LSTMOBH5F3Q2SGMAFHR6YHZS0&marketplace=FLIPKART&fm=neo%2Fmerchandising&iid=M_6318631a-30ba-4388-b926-3e7b49ef2b5e_44_AWE1529WOLK1_MC.MOBH5F3Q2SGMAFHR&ppt=clp&ppn=mobile-phones-store&ssid=ptb59e69v40000001753344723871&otracker=clp_pmu_v2_Motorola%2Bsmartphones_3_44.productCard.PMU_V2_MOTOROLA%2Bg05%2B%2528Forest%2BGreen%252C%2B64%2BGB%2529_mobile-phones-store_MOBH5F3Q2SGMAFHR_neo%2Fmerchandising_2&otracker1=clp_pmu_v2_PINNED_neo%2Fmerchandising_Motorola%2Bsmartphones_LIST_productCard_cc_3_NA_view-all&cid=MOBH5F3Q2SGMAFHR
"MOTOROLA g35 5G (Midnight Black, 128 GB)","₹9,999",4.2,"(61,998)",https://www.flipkart.com/motorola-g35-5g-midnight-black-128-gb/p/itm015cbd184b0eb?pid=MOBH3YGPTSA4SZQF&lid=LSTMOBH3YGPTSA4SZQF0KIKVP&marketplace=FLIPKART&fm=neo%2Fmerchandising&iid=M_6318631a-30ba-4388-b926-3e7b49ef2b5e_44_AWE1529WOLK1_MC.MOBH3YGPTSA4SZQF&ppt=clp&ppn=mobile-phones-store&ssid=ptb59e69v40000001753344723871&otracker=clp_pmu_v2_Motorola%2Bsmartphones_4_44.productCard.PMU_V2_MOTOROLA%2Bg35%2B5G%2B%2528Midnight%2BBlack%252C%2B128%2BGB%2529_mobile-phones-store_MOBH3YGPTSA4SZQF_neo%2Fmerchandising_3&otracker1=clp_pmu_v2_PINNED_neo%2Fmerchandising_Motorola%2Bsmartphones_LIST_productCard_cc_4_NA_view-all&cid=MOBH3YGPTSA4SZQF
"MOTOROLA g35 5G (Leaf Green, 128 GB)","₹9,999",4.2,"(61,998)",https://www.flipkart.com/motorola-g35-5g-leaf-green-128-gb/p/itma3ca32cc93927?pid=MOBH3YGPQHRSNQED&lid=LSTMOBH3YGPQHRSNQEDLDGOMQ&marketplace=FLIPKART&fm=neo%2Fmerchandising&iid=M_6318631a-30ba-4388-b926-3e7b49ef2b5e_44_AWE1529WOLK1_MC.MOBH3YGPQHRSNQED&ppt=clp&ppn=mobile-phones-store&ssid=ptb59e69v40000001753344723871&otracker=clp_pmu_v2_Motorola%2Bsmartphones_5_44.productCard.PMU_V2_MOTOROLA%2Bg35%2B5G%2B%2528Leaf%2BGreen%252C%2B128%2BGB%2529_mobile-phones-store_MOBH3YGPQHRSNQED_neo%2Fmerchandising_4&otracker1=clp_pmu_v2_PINNED_neo%2Fmerchandising_Motorola%2Bsmartphones_LIST_productCard_cc_5_NA_view-all&cid=MOBH3YGPQHRSNQED
"Motorola g45 5G (Brilliant Blue, 128 GB)","₹10,999",4.3,"(47,199)",https://www.flipkart.com/motorola-g45-5g-brilliant-blue-128-gb/p/itm83cc1cca54e32?pid=MOBH3YKQQDZZ2WZH&lid=LSTMOBH3YKQQDZZ2WZHGOH35A&marketplace=FLIPKART&fm=neo%2Fmerchandising&iid=M_6318631a-30ba-4388-b926-3e7b49ef2b5e_44_AWE1529WOLK1_MC.MOBH3YKQQDZZ2WZH&ppt=clp&ppn=mobile-phones-store&ssid=ptb59e69v40000001753344723871&otracker=clp_pmu_v2_Motorola%2Bsmartphones_6_44.productCard.PMU_V2_Motorola%2Bg45%2B5G%2B%2528Brilliant%2BBlue%252C%2B128%2BGB%2529_mobile-phones-store_MOBH3YKQQDZZ2WZH_neo%2Fmerchandising_5&otracker1=clp_pmu_v2_PINNED_neo%2Fmerchandising_Motorola%2Bsmartphones_LIST_productCard_cc_6_NA_view-all&cid=MOBH3YKQQDZZ2WZH
"Samsung Galaxy F05 (Twilight Blue, 64 GB)","₹6,499",4.2,"(59,163)",https://www.flipkart.com/samsung-galaxy-f05-twilight-blue-64-gb/p/itm84a914081ab93?pid=MOBH4GTXZ9ZRQ3SU&lid=LSTMOBH4GTXZ9ZRQ3SUXCBGGE&marketplace=FLIPKART&fm=neo%2Fmerchandising&iid=M_6318631a-30ba-4388-b926-3e7b49ef2b5e_45_42OTAAY8KIGZ_MC.MOBH4GTXZ9ZRQ3SU&ppt=clp&ppn=mobile-phones-store&ssid=ptb59e69v40000001753344723871&otracker=clp_pmu_v2_Samsung%2Bsmartphones_1_45.productCard.PMU_V2_Samsung%2BGalaxy%2BF05%2B%2528Twilight%2BBlue%252C%2B64%2BGB%2529_mobile-phones-store_MOBH4GTXZ9ZRQ3SU_neo%2Fmerchandising_0&otracker1=clp_pmu_v2_PINNED_neo%2Fmerchandising_Samsung%2Bsmartphones_LIST_productCard_cc_1_NA_view-all&cid=MOBH4GTXZ9ZRQ3SU
"Samsung Galaxy F16 5G (Bling Black, 128 GB)","₹12,499",4.2,"(2,544)",https://www.flipkart.com/samsung-galaxy-f16-5g-bling-black-128-gb/p/itm98473f83de0f1?pid=MOBH9ASGZWYBDPUD&lid=LSTMOBH9ASGZWYBDPUDPEFY5L&marketplace=FLIPKART&fm=neo%2Fmerchandising&iid=M_6318631a-30ba-4388-b926-3e7b49ef2b5e_45_42OTAAY8KIGZ_MC.MOBH9ASGZWYBDPUD&ppt=clp&ppn=mobile-phones-store&ssid=ptb59e69v40000001753344723871&otracker=clp_pmu_v2_Samsung%2Bsmartphones_2_45.productCard.PMU_V2_Samsung%2BGalaxy%2BF16%2B5G%2B%2528Bling%2BBlack%252C%2B128%2BGB%2529_mobile-phones-store_MOBH9ASGZWYBDPUD_neo%2Fmerchandising_1&otracker1=clp_pmu_v2_PINNED_neo%2Fmerchandising_Samsung%2Bsmartphones_LIST_productCard_cc_2_NA_view-all&cid=MOBH9ASGZWYBDPUD
"Samsung Galaxy F06 5G (Lit Violet, 64 GB)","₹8,999",4.1,"(16,296)",https://www.flipkart.com/samsung-galaxy-f06-5g-lit-violet-64-gb/p/itm1390a80a68073?pid=MOBHBF5JG3BPANSG&lid=LSTMOBHBF5JG3BPANSGWYWEPP&marketplace=FLIPKART&fm=neo%2Fmerchandising&iid=M_6318631a-30ba-4388-b926-3e7b49ef2b5e_45_42OTAAY8KIGZ_MC.MOBHBF5JG3BPANSG&ppt=clp&ppn=mobile-phones-store&ssid=ptb59e69v40000001753344723871&otracker=clp_pmu_v2_Samsung%2Bsmartphones_3_45.productCard.PMU_V2_Samsung%2BGalaxy%2BF06%2B5G%2B%2528Lit%2BViolet%252C%2B64%2BGB%2529_mobile-phones-store_MOBHBF5JG3BPANSG_neo%2Fmerchandising_2&otracker1=clp_pmu_v2_PINNED_neo%2Fmerchandising_Samsung%2Bsmartphones_LIST_productCard_cc_3_NA_view-all&cid=MOBHBF5JG3BPANSG
"Samsung Galaxy A35 5G (Awesome Iceblue, 256 GB)","₹23,999",4.3,"(20,327)",https://www.flipkart.com/samsung-galaxy-a35-5g-awesome-iceblue-256-gb/p/itmd3af671af1e42?pid=MOBGYT2HYAAHS3ZR&lid=LSTMOBGYT2HYAAHS3ZRNFRJP2&marketplace=FLIPKART&fm=neo%2Fmerchandising&iid=M_6318631a-30ba-4388-b926-3e7b49ef2b5e_45_42OTAAY8KIGZ_MC.MOBGYT2HYAAHS3ZR&ppt=clp&ppn=mobile-phones-store&ssid=ptb59e69v40000001753344723871&otracker=clp_pmu_v2_Samsung%2Bsmartphones_4_45.productCard.PMU_V2_Samsung%2BGalaxy%2BA35%2B5G%2B%2528Awesome%2BIceblue%252C%2B256%2BGB%2529_mobile-phones-store_MOBGYT2HYAAHS3ZR_neo%2Fmerchandising_3&otracker1=clp_pmu_v2_PINNED_neo%2Fmerchandising_Samsung%2Bsmartphones_LIST_productCard_cc_4_NA_view-all&cid=MOBGYT2HYAAHS3ZR
"Samsung Galaxy A35 5G (Awesome Iceblue, 128 GB)","₹21,999",4.3,"(20,327)",https://www.flipkart.com/samsung-galaxy-a35-5g-awesome-iceblue-128-gb/p/itm9684d2fe9201e?pid=MOBGYT2HEYWFCG8Q&lid=LSTMOBGYT2HEYWFCG8QSW6D6Y&marketplace=FLIPKART&fm=neo%2Fmerchandising&iid=M_6318631a-30ba-4388-b926-3e7b49ef2b5e_45_42OTAAY8KIGZ_MC.MOBGYT2HEYWFCG8Q&ppt=clp&ppn=mobile-phones-store&ssid=ptb59e69v40000001753344723871&otracker=clp_pmu_v2_Samsung%2Bsmartphones_5_45.productCard.PMU_V2_Samsung%2BGalaxy%2BA35%2B5G%2B%2528Awesome%2BIceblue%252C%2B128%2BGB%2529_mobile-phones-store_MOBGYT2HEYWFCG8Q_neo%2Fmerchandising_4&otracker1=clp_pmu_v2_PINNED_neo%2Fmerchandising_Samsung%2Bsmartphones_LIST_productCard_cc_5_NA_view-all&cid=MOBGYT2HEYWFCG8Q
"Samsung Galaxy F16 5G (Glam Green, 128 GB)","₹13,999",4.2,"(4,138)",https://www.flipkart.com/samsung-galaxy-f16-5g-glam-green-128-gb/p/itmcdb73c7370f76?pid=MOBH9ASGDGWZV69Z&lid=LSTMOBH9ASGDGWZV69ZTSJAUH&marketplace=FLIPKART&fm=neo%2Fmerchandising&iid=M_6318631a-30ba-4388-b926-3e7b49ef2b5e_45_42OTAAY8KIGZ_MC.MOBH9ASGDGWZV69Z&ppt=clp&ppn=mobile-phones-store&ssid=ptb59e69v40000001753344723871&otracker=clp_pmu_v2_Samsung%2Bsmartphones_6_45.productCard.PMU_V2_Samsung%2BGalaxy%2BF16%2B5G%2B%2528Glam%2BGreen%252C%2B128%2BGB%2529_mobile-phones-store_MOBH9ASGDGWZV69Z_neo%2Fmerchandising_5&otracker1=clp_pmu_v2_PINNED_neo%2Fmerchandising_Samsung%2Bsmartphones_LIST_productCard_cc_6_NA_view-all&cid=MOBH9ASGDGWZV69Z
"vivo T4 Lite 5G Charger in the Box (Prism Blue, 128 GB)","₹10,999",4.5,"(5,445)",https://www.flipkart.com/vivo-t4-lite-5g-charger-box-prism-blue-128-gb/p/itm9886d6e522c4b?pid=MOBHDY9FP7WFPCEE&lid=LSTMOBHDY9FP7WFPCEE9J8DVQ&marketplace=FLIPKART&fm=neo%2Fmerchandising&iid=M_6318631a-30ba-4388-b926-3e7b49ef2b5e_46_EPL4PODYDFZ5_MC.MOBHDY9FP7WFPCEE&ppt=clp&ppn=mobile-phones-store&ssid=ptb59e69v40000001753344723871&otracker=clp_pmu_v2_Vivo%2Bsmartphones_1_46.productCard.PMU_V2_vivo%2BT4%2BLite%2B5G%2BCharger%2Bin%2Bthe%2BBox%2B%2528Prism%2BBlue%252C%2B128%2BGB%2529_mobile-phones-store_MOBHDY9FP7WFPCEE_neo%2Fmerchandising_0&otracker1=clp_pmu_v2_PINNED_neo%2Fmerchandising_Vivo%2Bsmartphones_LIST_productCard_cc_1_NA_view-all&cid=MOBHDY9FP7WFPCEE
"vivo T4 Lite 5G Charger in the Box (Titanium Gold, 128 GB)","₹9,999",4.5,"(5,200)",https://www.flipkart.com/vivo-t4-lite-5g-charger-box-titanium-gold-128-gb/p/itm9886d6e522c4b?pid=MOBHDY9F2NKVDSYE&lid=LSTMOBHDY9F2NKVDSYENNGQ9C&marketplace=FLIPKART&fm=neo%2Fmerchandising&iid=M_6318631a-30ba-4388-b926-3e7b49ef2b5e_46_EPL4PODYDFZ5_MC.MOBHDY9F2NKVDSYE&ppt=clp&ppn=mobile-phones-store&ssid=ptb59e69v40000001753344723871&otracker=clp_pmu_v2_Vivo%2Bsmartphones_2_46.productCard.PMU_V2_vivo%2BT4%2BLite%2B5G%2BCharger%2Bin%2Bthe%2BBox%2B%2528Titanium%2BGold%252C%2B128%2BGB%2529_mobile-phones-store_MOBHDY9F2NKVDSYE_neo%2Fmerchandising_1&otracker1=clp_pmu_v2_PINNED_neo%2Fmerchandising_Vivo%2Bsmartphones_LIST_productCard_cc_2_NA_view-all&cid=MOBHDY9F2NKVDSYE
"vivo T4 Lite 5G Charger in the Box (Titanium Gold, 128 GB)","₹10,999",4.5,"(5,445)",https://www.flipkart.com/vivo-t4-lite-5g-charger-box-titanium-gold-128-gb/p/itm9886d6e522c4b?pid=MOBHDY9FWXVJYCFM&lid=LSTMOBHDY9FWXVJYCFMHXZJVU&marketplace=FLIPKART&fm=neo%2Fmerchandising&iid=M_6318631a-30ba-4388-b926-3e7b49ef2b5e_46_EPL4PODYDFZ5_MC.MOBHDY9FWXVJYCFM&ppt=clp&ppn=mobile-phones-store&ssid=ptb59e69v40000001753344723871&otracker=clp_pmu_v2_Vivo%2Bsmartphones_3_46.productCard.PMU_V2_vivo%2BT4%2BLite%2B5G%2BCharger%2Bin%2Bthe%2BBox%2B%2528Titanium%2BGold%252C%2B128%2BGB%2529_mobile-phones-store_MOBHDY9FWXVJYCFM_neo%2Fmerchandising_2&otracker1=clp_pmu_v2_PINNED_neo%2Fmerchandising_Vivo%2Bsmartphones_LIST_productCard_cc_3_NA_view-all&cid=MOBHDY9FWXVJYCFM
"vivo T4 Lite 5G Charger in the Box (Prism Blue, 128 GB)","₹9,999",4.5,"(5,200)",https://www.flipkart.com/vivo-t4-lite-5g-charger-box-prism-blue-128-gb/p/itm9886d6e522c4b?pid=MOBHDY9FCZV9HPM9&lid=LSTMOBHDY9FCZV9HPM9WHT3DR&marketplace=FLIPKART&fm=neo%2Fmerchandising&iid=M_6318631a-30ba-4388-b926-3e7b49ef2b5e_46_EPL4PODYDFZ5_MC.MOBHDY9FCZV9HPM9&ppt=clp&ppn=mobile-phones-store&ssid=ptb59e69v40000001753344723871&otracker=clp_pmu_v2_Vivo%2Bsmartphones_4_46.productCard.PMU_V2_vivo%2BT4%2BLite%2B5G%2BCharger%2Bin%2Bthe%2BBox%2B%2528Prism%2BBlue%252C%2B128%2BGB%2529_mobile-phones-store_MOBHDY9FCZV9HPM9_neo%2Fmerchandising_3&otracker1=clp_pmu_v2_PINNED_neo%2Fmerchandising_Vivo%2Bsmartphones_LIST_productCard_cc_4_NA_view-all&cid=MOBHDY9FCZV9HPM9
"vivo T4x 5G (Pronto Purple, 128 GB)","₹14,999",4.5,"(65,321)",https://www.flipkart.com/vivo-t4x-5g-pronto-purple-128-gb/p/itm017656bdd097b?pid=MOBH9JUSZHCX3JRG&lid=LSTMOBH9JUSZHCX3JRGEPZVNT&marketplace=FLIPKART&fm=neo%2Fmerchandising&iid=M_6318631a-30ba-4388-b926-3e7b49ef2b5e_46_EPL4PODYDFZ5_MC.MOBH9JUSZHCX3JRG&ppt=clp&ppn=mobile-phones-store&ssid=ptb59e69v40000001753344723871&otracker=clp_pmu_v2_Vivo%2Bsmartphones_5_46.productCard.PMU_V2_vivo%2BT4x%2B5G%2B%2528Pronto%2BPurple%252C%2B128%2BGB%2529_mobile-phones-store_MOBH9JUSZHCX3JRG_neo%2Fmerchandising_4&otracker1=clp_pmu_v2_PINNED_neo%2Fmerchandising_Vivo%2Bsmartphones_LIST_productCard_cc_5_NA_view-all&cid=MOBH9JUSZHCX3JRG
"vivo T4x 5G (Pronto Purple, 128 GB)","₹13,999",4.4,"(84,115)",https://www.flipkart.com/vivo-t4x-5g-pronto-purple-128-gb/p/itm017656bdd097b?pid=MOBH9JUSZFBNVDXM&lid=LSTMOBH9JUSZFBNVDXMQY4SVC&marketplace=FLIPKART&fm=neo%2Fmerchandising&iid=M_6318631a-30ba-4388-b926-3e7b49ef2b5e_46_EPL4PODYDFZ5_MC.MOBH9JUSZFBNVDXM&ppt=clp&ppn=mobile-phones-store&ssid=ptb59e69v40000001753344723871&otracker=clp_pmu_v2_Vivo%2Bsmartphones_6_46.productCard.PMU_V2_vivo%2BT4x%2B5G%2B%2528Pronto%2BPurple%252C%2B128%2BGB%2529_mobile-phones-store_MOBH9JUSZFBNVDXM_neo%2Fmerchandising_5&otracker1=clp_pmu_v2_PINNED_neo%2Fmerchandising_Vivo%2Bsmartphones_LIST_productCard_cc_6_NA_view-all&cid=MOBH9JUSZFBNVDXM
"realme C61 (Marble Black, 64 GB)","₹7,699",4.4,"(9,356)",https://www.flipkart.com/realme-c61-marble-black-64-gb/p/itmd6ddbcefce040?pid=MOBHFRKRAHPWY9JA&lid=LSTMOBHFRKRAHPWY9JADLJL0N&marketplace=FLIPKART&fm=neo%2Fmerchandising&iid=M_6318631a-30ba-4388-b926-3e7b49ef2b5e_47_VKQAC8JJSL3T_MC.MOBHFRKRAHPWY9JA&ppt=clp&ppn=mobile-phones-store&ssid=ptb59e69v40000001753344723871&otracker=clp_pmu_v2_Realme%2Bsmartphones_1_47.productCard.PMU_V2_realme%2BC61%2B%2528Marble%2BBlack%252C%2B64%2BGB%2529_mobile-phones-store_MOBHFRKRAHPWY9JA_neo%2Fmerchandising_0&otracker1=clp_pmu_v2_PINNED_neo%2Fmerchandising_Realme%2Bsmartphones_LIST_productCard_cc_1_NA_view-all&cid=MOBHFRKRAHPWY9JA
"realme C61 (Safari Green, 64 GB)","₹7,699",4.4,"(9,356)",https://www.flipkart.com/realme-c61-safari-green-64-gb/p/itmd6ddbcefce040?pid=MOBHFRKRF6ZHBFTW&lid=LSTMOBHFRKRF6ZHBFTW09ES8B&marketplace=FLIPKART&fm=neo%2Fmerchandising&iid=M_6318631a-30ba-4388-b926-3e7b49ef2b5e_47_VKQAC8JJSL3T_MC.MOBHFRKRF6ZHBFTW&ppt=clp&ppn=mobile-phones-store&ssid=ptb59e69v40000001753344723871&otracker=clp_pmu_v2_Realme%2Bsmartphones_2_47.productCard.PMU_V2_realme%2BC61%2B%2528Safari%2BGreen%252C%2B64%2BGB%2529_mobile-phones-store_MOBHFRKRF6ZHBFTW_neo%2Fmerchandising_1&otracker1=clp_pmu_v2_PINNED_neo%2Fmerchandising_Realme%2Bsmartphones_LIST_productCard_cc_2_NA_view-all&cid=MOBHFRKRF6ZHBFTW
"realme P3x 5G (Stellar Pink, 128 GB)","₹12,999",4.4,"(23,655)",https://www.flipkart.com/realme-p3x-5g-stellar-pink-128-gb/p/itmab5a4b09b6ccc?pid=MOBH8VGVHV6AYK25&lid=LSTMOBH8VGVHV6AYK253DF0V2&marketplace=FLIPKART&fm=neo%2Fmerchandising&iid=M_6318631a-30ba-4388-b926-3e7b49ef2b5e_47_VKQAC8JJSL3T_MC.MOBH8VGVHV6AYK25&ppt=clp&ppn=mobile-phones-store&ssid=ptb59e69v40000001753344723871&otracker=clp_pmu_v2_Realme%2Bsmartphones_3_47.productCard.PMU_V2_realme%2BP3x%2B5G%2B%2528Stellar%2BPink%252C%2B128%2BGB%2529_mobile-phones-store_MOBH8VGVHV6AYK25_neo%2Fmerchandising_2&otracker1=clp_pmu_v2_PINNED_neo%2Fmerchandising_Realme%2Bsmartphones_LIST_productCard_cc_3_NA_view-all&cid=MOBH8VGVHV6AYK25
"realme P3x 5G (Midnight Blue, 128 GB)","₹12,999",4.4,"(23,655)",https://www.flipkart.com/realme-p3x-5g-midnight-blue-128-gb/p/itmab5a4b09b6ccc?pid=MOBH8VGV88UADK2Z&lid=LSTMOBH8VGV88UADK2ZH101KQ&marketplace=FLIPKART&fm=neo%2Fmerchandising&iid=M_6318631a-30ba-4388-b926-3e7b49ef2b5e_47_VKQAC8JJSL3T_MC.MOBH8VGV88UADK2Z&ppt=clp&ppn=mobile-phones-store&ssid=ptb59e69v40000001753344723871&otracker=clp_pmu_v2_Realme%2Bsmartphones_4_47.productCard.PMU_V2_realme%2BP3x%2B5G%2B%2528Midnight%2BBlue%252C%2B128%2BGB%2529_mobile-phones-store_MOBH8VGV88UADK2Z_neo%2Fmerchandising_3&otracker1=clp_pmu_v2_PINNED_neo%2Fmerchandising_Realme%2Bsmartphones_LIST_productCard_cc_4_NA_view-all&cid=MOBH8VGV88UADK2Z
"realme C61 (Safari Green, 128 GB)","₹8,199",4.3,"(18,782)",https://www.flipkart.com/realme-c61-safari-green-128-gb/p/itmd6ddbcefce040?pid=MOBHFRKRAVXUKDGX&lid=LSTMOBHFRKRAVXUKDGX3LF6Z6&marketplace=FLIPKART&fm=neo%2Fmerchandising&iid=M_6318631a-30ba-4388-b926-3e7b49ef2b5e_47_VKQAC8JJSL3T_MC.MOBHFRKRAVXUKDGX&ppt=clp&ppn=mobile-phones-store&ssid=ptb59e69v40000001753344723871&otracker=clp_pmu_v2_Realme%2Bsmartphones_5_47.productCard.PMU_V2_realme%2BC61%2B%2528Safari%2BGreen%252C%2B128%2BGB%2529_mobile-phones-store_MOBHFRKRAVXUKDGX_neo%2Fmerchandising_4&otracker1=clp_pmu_v2_PINNED_neo%2Fmerchandising_Realme%2Bsmartphones_LIST_productCard_cc_5_NA_view-all&cid=MOBHFRKRAVXUKDGX
"realme P3 5G (Space Silver, 128 GB)","₹15,999",4.4,"(17,915)",https://www.flipkart.com/realme-p3-5g-space-silver-128-gb/p/itm69060f73d27e8?pid=MOBHAYN5ZXFQ3GFG&lid=LSTMOBHAYN5ZXFQ3GFGFUCV7J&marketplace=FLIPKART&fm=neo%2Fmerchandising&iid=M_6318631a-30ba-4388-b926-3e7b49ef2b5e_47_VKQAC8JJSL3T_MC.MOBHAYN5ZXFQ3GFG&ppt=clp&ppn=mobile-phones-store&ssid=ptb59e69v40000001753344723871&otracker=clp_pmu_v2_Realme%2Bsmartphones_6_47.productCard.PMU_V2_realme%2BP3%2B5G%2B%2528Space%2BSilver%252C%2B128%2BGB%2529_mobile-phones-store_MOBHAYN5ZXFQ3GFG_neo%2Fmerchandising_5&otracker1=clp_pmu_v2_PINNED_neo%2Fmerchandising_Realme%2Bsmartphones_LIST_productCard_cc_6_NA_view-all&cid=MOBHAYN5ZXFQ3GFG
"OPPO K13x 5G 6000mAh and 45W SUPERVOOC Charger & AI (Midnight Violet, 128 GB)","₹12,999",4.6,"(8,507)",https://www.flipkart.com/oppo-k13x-5g-6000mah-45w-supervooc-charger-ai-midnight-violet-128-gb/p/itm62b2e62fbb43e?pid=MOBHDY9PPU2NRCZH&lid=LSTMOBHDY9PPU2NRCZHVD1YM4&marketplace=FLIPKART&fm=neo%2Fmerchandising&iid=M_6318631a-30ba-4388-b926-3e7b49ef2b5e_48_4K7UO67RB4TQ_MC.MOBHDY9PPU2NRCZH&ppt=clp&ppn=mobile-phones-store&ssid=ptb59e69v40000001753344723871&otracker=clp_pmu_v2_Oppo%2Bsmartphones_1_48.productCard.PMU_V2_OPPO%2BK13x%2B5G%2B6000mAh%2Band%2B45W%2BSUPERVOOC%2BCharger%2B%2526%2BAI%2B%2528Midnight%2BViolet%252C%2B128%2BGB%2529_mobile-phones-store_MOBHDY9PPU2NRCZH_neo%2Fmerchandising_0&otracker1=clp_pmu_v2_PINNED_neo%2Fmerchandising_Oppo%2Bsmartphones_LIST_productCard_cc_1_NA_view-all&cid=MOBHDY9PPU2NRCZH
"OPPO K13x 5G 6000mAh and 45W SUPERVOOC Charger & AI (Midnight Violet, 128 GB)","₹11,999",4.5,"(1,547)",https://www.flipkart.com/oppo-k13x-5g-6000mah-45w-supervooc-charger-ai-midnight-violet-128-gb/p/itm62b2e62fbb43e?pid=MOBHDY9P4XGWMRHM&lid=LSTMOBHDY9P4XGWMRHMJEHFNR&marketplace=FLIPKART&fm=neo%2Fmerchandising&iid=M_6318631a-30ba-4388-b926-3e7b49ef2b5e_48_4K7UO67RB4TQ_MC.MOBHDY9P4XGWMRHM&ppt=clp&ppn=mobile-phones-store&ssid=ptb59e69v40000001753344723871&otracker=clp_pmu_v2_Oppo%2Bsmartphones_2_48.productCard.PMU_V2_OPPO%2BK13x%2B5G%2B6000mAh%2Band%2B45W%2BSUPERVOOC%2BCharger%2B%2526%2BAI%2B%2528Midnight%2BViolet%252C%2B128%2BGB%2529_mobile-phones-store_MOBHDY9P4XGWMRHM_neo%2Fmerchandising_1&otracker1=clp_pmu_v2_PINNED_neo%2Fmerchandising_Oppo%2Bsmartphones_LIST_productCard_cc_2_NA_view-all&cid=MOBHDY9P4XGWMRHM
"OPPO K13x 5G 6000mAh and 45W SUPERVOOC Charger & AI (Sunset Peach, 128 GB)","₹12,999",4.6,"(8,507)",https://www.flipkart.com/oppo-k13x-5g-6000mah-45w-supervooc-charger-ai-sunset-peach-128-gb/p/itm62b2e62fbb43e?pid=MOBHDY9PVAHGDHWG&lid=LSTMOBHDY9PVAHGDHWGBSHGNL&marketplace=FLIPKART&fm=neo%2Fmerchandising&iid=M_6318631a-30ba-4388-b926-3e7b49ef2b5e_48_4K7UO67RB4TQ_MC.MOBHDY9PVAHGDHWG&ppt=clp&ppn=mobile-phones-store&ssid=ptb59e69v40000001753344723871&otracker=clp_pmu_v2_Oppo%2Bsmartphones_3_48.productCard.PMU_V2_OPPO%2BK13x%2B5G%2B6000mAh%2Band%2B45W%2BSUPERVOOC%2BCharger%2B%2526%2BAI%2B%2528Sunset%2BPeach%252C%2B128%2BGB%2529_mobile-phones-store_MOBHDY9PVAHGDHWG_neo%2Fmerchandising_2&otracker1=clp_pmu_v2_PINNED_neo%2Fmerchandising_Oppo%2Bsmartphones_LIST_productCard_cc_3_NA_view-all&cid=MOBHDY9PVAHGDHWG
"OPPO K12x 5G with 45W SUPERVOOC Charger In-The-Box (Breeze Blue, 128 GB)","₹12,999",4.5,"(1,82,510)",https://www.flipkart.com/oppo-k12x-5g-45w-supervooc-charger-in-the-box-breeze-blue-128-gb/p/itma30cb38861d4c?pid=MOBH2Q4PN6FWZCGV&lid=LSTMOBH2Q4PN6FWZCGVPMAT2I&marketplace=FLIPKART&fm=neo%2Fmerchandising&iid=M_6318631a-30ba-4388-b926-3e7b49ef2b5e_48_4K7UO67RB4TQ_MC.MOBH2Q4PN6FWZCGV&ppt=clp&ppn=mobile-phones-store&ssid=ptb59e69v40000001753344723871&otracker=clp_pmu_v2_Oppo%2Bsmartphones_4_48.productCard.PMU_V2_OPPO%2BK12x%2B5G%2Bwith%2B45W%2BSUPERVOOC%2BCharger%2BIn-The-Box%2B%2528Breeze%2BBlue%252C%2B128%2BGB%2529_mobile-phones-store_MOBH2Q4PN6FWZCGV_neo%2Fmerchandising_3&otracker1=clp_pmu_v2_PINNED_neo%2Fmerchandising_Oppo%2Bsmartphones_LIST_productCard_cc_4_NA_view-all&cid=MOBH2Q4PN6FWZCGV
"OPPO Reno14 5G (Forest Green, 256 GB)","₹39,999",4.6,(478),https://www.flipkart.com/oppo-reno14-5g-forest-green-256-gb/p/itm4d9e853eee6cf?pid=MOBHDDQ9UMHXGZ8P&lid=LSTMOBHDDQ9UMHXGZ8PSJYKX7&marketplace=FLIPKART&fm=neo%2Fmerchandising&iid=M_6318631a-30ba-4388-b926-3e7b49ef2b5e_48_4K7UO67RB4TQ_MC.MOBHDDQ9UMHXGZ8P&ppt=clp&ppn=mobile-phones-store&ssid=ptb59e69v40000001753344723871&otracker=clp_pmu_v2_Oppo%2Bsmartphones_5_48.productCard.PMU_V2_OPPO%2BReno14%2B5G%2B%2528Forest%2BGreen%252C%2B256%2BGB%2529_mobile-phones-store_MOBHDDQ9UMHXGZ8P_neo%2Fmerchandising_4&otracker1=clp_pmu_v2_PINNED_neo%2Fmerchandising_Oppo%2Bsmartphones_LIST_productCard_cc_5_NA_view-all&cid=MOBHDDQ9UMHXGZ8P
"OPPO F27 Pro+ (Midnight Navy, 128 GB)","₹18,749",4.4,"(6,245)",https://www.flipkart.com/oppo-f27-pro-midnight-navy-128-gb/p/itm5235c3c836cc9?pid=MOBHF3DJM6Y8N4BA&lid=LSTMOBHF3DJM6Y8N4BADOQW8U&marketplace=FLIPKART&fm=neo%2Fmerchandising&iid=M_6318631a-30ba-4388-b926-3e7b49ef2b5e_48_4K7UO67RB4TQ_MC.MOBHF3DJM6Y8N4BA&ppt=clp&ppn=mobile-phones-store&ssid=ptb59e69v40000001753344723871&otracker=clp_pmu_v2_Oppo%2Bsmartphones_6_48.productCard.PMU_V2_OPPO%2BF27%2BPro%252B%2B%2528Midnight%2BNavy%252C%2B128%2BGB%2529_mobile-phones-store_MOBHF3DJM6Y8N4BA_neo%2Fmerchandising_5&otracker1=clp_pmu_v2_PINNED_neo%2Fmerchandising_Oppo%2Bsmartphones_LIST_productCard_cc_6_NA_view-all&cid=MOBHF3DJM6Y8N4BA
"REDMI A5 (Jaisalmer Gold, 64 GB)","₹6,499",4.3,"(1,979)",https://www.flipkart.com/redmi-a5-jaisalmer-gold-64-gb/p/itm2b4357effaa74?pid=MOBHB2HGH5DCFNWZ&lid=LSTMOBHB2HGH5DCFNWZHAP4LG&marketplace=FLIPKART&fm=neo%2Fmerchandising&iid=M_6318631a-30ba-4388-b926-3e7b49ef2b5e_49_65HE68HG67BK_MC.MOBHB2HGH5DCFNWZ&ppt=clp&ppn=mobile-phones-store&ssid=ptb59e69v40000001753344723871&otracker=clp_pmu_v2_Redmi%2Bsmartphones_1_49.productCard.PMU_V2_REDMI%2BA5%2B%2528Jaisalmer%2BGold%252C%2B64%2BGB%2529_mobile-phones-store_MOBHB2HGH5DCFNWZ_neo%2Fmerchandising_0&otracker1=clp_pmu_v2_PINNED_neo%2Fmerchandising_Redmi%2Bsmartphones_LIST_productCard_cc_1_NA_view-all&cid=MOBHB2HGH5DCFNWZ
"REDMI A3X (Midnight Black, 64 GB)","₹6,499",4.1,"(9,205)",https://www.flipkart.com/redmi-a3x-midnight-black-64-gb/p/itmae02f9f3f765a?pid=MOBH2YYZES7Y5H8K&lid=LSTMOBH2YYZES7Y5H8KOV8JEN&marketplace=FLIPKART&fm=neo%2Fmerchandising&iid=M_6318631a-30ba-4388-b926-3e7b49ef2b5e_49_65HE68HG67BK_MC.MOBH2YYZES7Y5H8K&ppt=clp&ppn=mobile-phones-store&ssid=ptb59e69v40000001753344723871&otracker=clp_pmu_v2_Redmi%2Bsmartphones_2_49.productCard.PMU_V2_REDMI%2BA3X%2B%2528Midnight%2BBlack%252C%2B64%2BGB%2529_mobile-phones-store_MOBH2YYZES7Y5H8K_neo%2Fmerchandising_1&otracker1=clp_pmu_v2_PINNED_neo%2Fmerchandising_Redmi%2Bsmartphones_LIST_productCard_cc_2_NA_view-all&cid=MOBH2YYZES7Y5H8K
"REDMI A5 (Jaisalmer Gold, 128 GB)","₹7,499",4.2,"(1,568)",https://www.flipkart.com/redmi-a5-jaisalmer-gold-128-gb/p/itm2b4357effaa74?pid=MOBHB2HGCDC45QQ3&lid=LSTMOBHB2HGCDC45QQ3FYME5Z&marketplace=FLIPKART&fm=neo%2Fmerchandising&iid=M_6318631a-30ba-4388-b926-3e7b49ef2b5e_49_65HE68HG67BK_MC.MOBHB2HGCDC45QQ3&ppt=clp&ppn=mobile-phones-store&ssid=ptb59e69v40000001753344723871&otracker=clp_pmu_v2_Redmi%2Bsmartphones_3_49.productCard.PMU_V2_REDMI%2BA5%2B%2528Jaisalmer%2BGold%252C%2B128%2BGB%2529_mobile-phones-store_MOBHB2HGCDC45QQ3_neo%2Fmerchandising_2&otracker1=clp_pmu_v2_PINNED_neo%2Fmerchandising_Redmi%2Bsmartphones_LIST_productCard_cc_3_NA_view-all&cid=MOBHB2HGCDC45QQ3
"REDMI 13 5G (Hawaiian Blue, 128 GB)","₹12,499",4.2,"(41,162)",https://www.flipkart.com/redmi-13-5g-hawaiian-blue-128-gb/p/itm315c71c2ffcce?pid=MOBH45GGFZNWZMK6&lid=LSTMOBH45GGFZNWZMK6NXS5CG&marketplace=FLIPKART&fm=neo%2Fmerchandising&iid=M_6318631a-30ba-4388-b926-3e7b49ef2b5e_49_65HE68HG67BK_MC.MOBH45GGFZNWZMK6&ppt=clp&ppn=mobile-phones-store&ssid=ptb59e69v40000001753344723871&otracker=clp_pmu_v2_Redmi%2Bsmartphones_4_49.productCard.PMU_V2_REDMI%2B13%2B5G%2B%2528Hawaiian%2BBlue%252C%2B128%2BGB%2529_mobile-phones-store_MOBH45GGFZNWZMK6_neo%2Fmerchandising_3&otracker1=clp_pmu_v2_PINNED_neo%2Fmerchandising_Redmi%2Bsmartphones_LIST_productCard_cc_4_NA_view-all&cid=MOBH45GGFZNWZMK6
"REDMI A5 (Just Black, 64 GB)","₹6,499",4.3,"(1,979)",https://www.flipkart.com/redmi-a5-just-black-64-gb/p/itm2b4357effaa74?pid=MOBHB2HGNGFWXSGA&lid=LSTMOBHB2HGNGFWXSGAEDTCWH&marketplace=FLIPKART&fm=neo%2Fmerchandising&iid=M_6318631a-30ba-4388-b926-3e7b49ef2b5e_49_65HE68HG67BK_MC.MOBHB2HGNGFWXSGA&ppt=clp&ppn=mobile-phones-store&ssid=ptb59e69v40000001753344723871&otracker=clp_pmu_v2_Redmi%2Bsmartphones_5_49.productCard.PMU_V2_REDMI%2BA5%2B%2528Just%2BBlack%252C%2B64%2BGB%2529_mobile-phones-store_MOBHB2HGNGFWXSGA_neo%2Fmerchandising_4&otracker1=clp_pmu_v2_PINNED_neo%2Fmerchandising_Redmi%2Bsmartphones_LIST_productCard_cc_5_NA_view-all&cid=MOBHB2HGNGFWXSGA
"REDMI A5 (Just Black, 128 GB)","₹7,499",4.2,"(1,568)",https://www.flipkart.com/redmi-a5-just-black-128-gb/p/itm2b4357effaa74?pid=MOBHB2HGCWUUBBUM&lid=LSTMOBHB2HGCWUUBBUM6AASGI&marketplace=FLIPKART&fm=neo%2Fmerchandising&iid=M_6318631a-30ba-4388-b926-3e7b49ef2b5e_49_65HE68HG67BK_MC.MOBHB2HGCWUUBBUM&ppt=clp&ppn=mobile-phones-store&ssid=ptb59e69v40000001753344723871&otracker=clp_pmu_v2_Redmi%2Bsmartphones_6_49.productCard.PMU_V2_REDMI%2BA5%2B%2528Just%2BBlack%252C%2B128%2BGB%2529_mobile-phones-store_MOBHB2HGCWUUBBUM_neo%2Fmerchandising_5&otracker1=clp_pmu_v2_PINNED_neo%2Fmerchandising_Redmi%2Bsmartphones_LIST_productCard_cc_6_NA_view-all&cid=MOBHB2HGCWUUBBUM
"POCO C75 5G (Aqua Bliss, 64 GB)","₹7,699",4.3,"(79,893)",https://www.flipkart.com/poco-c75-5g-aqua-bliss-64-gb/p/itm10b3f6f1bc616?pid=MOBH7443MMBCWPPG&lid=LSTMOBH7443MMBCWPPGVOR2LC&marketplace=FLIPKART&fm=neo%2Fmerchandising&iid=M_6318631a-30ba-4388-b926-3e7b49ef2b5e_50_Z7D3CY70LPX3_MC.MOBH7443MMBCWPPG&ppt=clp&ppn=mobile-phones-store&ssid=ptb59e69v40000001753344723871&otracker=clp_pmu_v2_Poco%2Bsmartphones_1_50.productCard.PMU_V2_POCO%2BC75%2B5G%2B%2528Aqua%2BBliss%252C%2B64%2BGB%2529_mobile-phones-store_MOBH7443MMBCWPPG_neo%2Fmerchandising_0&otracker1=clp_pmu_v2_PINNED_neo%2Fmerchandising_Poco%2Bsmartphones_LIST_productCard_cc_1_NA_view-all&cid=MOBH7443MMBCWPPG
"POCO C75 5G (Enchanted Green, 64 GB)","₹7,699",4.3,"(79,893)",https://www.flipkart.com/poco-c75-5g-enchanted-green-64-gb/p/itmf8fdd88f80fcc?pid=MOBH7443VEGWXG4G&lid=LSTMOBH7443VEGWXG4GOW118G&marketplace=FLIPKART&fm=neo%2Fmerchandising&iid=M_6318631a-30ba-4388-b926-3e7b49ef2b5e_50_Z7D3CY70LPX3_MC.MOBH7443VEGWXG4G&ppt=clp&ppn=mobile-phones-store&ssid=ptb59e69v40000001753344723871&otracker=clp_pmu_v2_Poco%2Bsmartphones_2_50.productCard.PMU_V2_POCO%2BC75%2B5G%2B%2528Enchanted%2BGreen%252C%2B64%2BGB%2529_mobile-phones-store_MOBH7443VEGWXG4G_neo%2Fmerchandising_1&otracker1=clp_pmu_v2_PINNED_neo%2Fmerchandising_Poco%2Bsmartphones_LIST_productCard_cc_2_NA_view-all&cid=MOBH7443VEGWXG4G
"POCO C71  - Locked with Airtel Prepaid (Desert Gold, 64 GB)","₹5,899",3.9,"(18,797)",https://www.flipkart.com/poco-c71-locked-airtel-prepaid-desert-gold-64-gb/p/itmb0bb5af15d090?pid=MOBHAFVJ5QYQMBRV&lid=LSTMOBHAFVJ5QYQMBRVX1X4P4&marketplace=FLIPKART&fm=neo%2Fmerchandising&iid=M_6318631a-30ba-4388-b926-3e7b49ef2b5e_50_Z7D3CY70LPX3_MC.MOBHAFVJ5QYQMBRV&ppt=clp&ppn=mobile-phones-store&ssid=ptb59e69v40000001753344723871&otracker=clp_pmu_v2_Poco%2Bsmartphones_3_50.productCard.PMU_V2_POCO%2BC71%2B%2B-%2BLocked%2Bwith%2BAirtel%2BPrepaid%2B%2528Desert%2BGold%252C%2B64%2BGB%2529_mobile-phones-store_MOBHAFVJ5QYQMBRV_neo%2Fmerchandising_2&otracker1=clp_pmu_v2_PINNED_neo%2Fmerchandising_Poco%2Bsmartphones_LIST_productCard_cc_3_NA_view-all&cid=MOBHAFVJ5QYQMBRV
"POCO C71 (Desert Gold, 128 GB)","₹6,999",4.1,"(8,059)",https://www.flipkart.com/poco-c71-desert-gold-128-gb/p/itm2a2ad903f91f4?pid=MOBHAFVJ8WXHR5FT&lid=LSTMOBHAFVJ8WXHR5FTKIOCQ2&marketplace=FLIPKART&fm=neo%2Fmerchandising&iid=M_6318631a-30ba-4388-b926-3e7b49ef2b5e_50_Z7D3CY70LPX3_MC.MOBHAFVJ8WXHR5FT&ppt=clp&ppn=mobile-phones-store&ssid=ptb59e69v40000001753344723871&otracker=clp_pmu_v2_Poco%2Bsmartphones_4_50.productCard.PMU_V2_POCO%2BC71%2B%2528Desert%2BGold%252C%2B128%2BGB%2529_mobile-phones-store_MOBHAFVJ8WXHR5FT_neo%2Fmerchandising_3&otracker1=clp_pmu_v2_PINNED_neo%2Fmerchandising_Poco%2Bsmartphones_LIST_productCard_cc_4_NA_view-all&cid=MOBHAFVJ8WXHR5FT
"POCO C71 (Power Black, 128 GB)","₹6,999",4.1,"(8,059)",https://www.flipkart.com/poco-c71-power-black-128-gb/p/itm8096ee52d7013?pid=MOBHAFVJJM8BWNKC&lid=LSTMOBHAFVJJM8BWNKCJY0MRA&marketplace=FLIPKART&fm=neo%2Fmerchandising&iid=M_6318631a-30ba-4388-b926-3e7b49ef2b5e_50_Z7D3CY70LPX3_MC.MOBHAFVJJM8BWNKC&ppt=clp&ppn=mobile-phones-store&ssid=ptb59e69v40000001753344723871&otracker=clp_pmu_v2_Poco%2Bsmartphones_5_50.productCard.PMU_V2_POCO%2BC71%2B%2528Power%2BBlack%252C%2B128%2BGB%2529_mobile-phones-store_MOBHAFVJJM8BWNKC_neo%2Fmerchandising_4&otracker1=clp_pmu_v2_PINNED_neo%2Fmerchandising_Poco%2Bsmartphones_LIST_productCard_cc_5_NA_view-all&cid=MOBHAFVJJM8BWNKC
"POCO C71  - Locked with Airtel Prepaid (Cool Blue, 64 GB)","₹5,899",3.9,"(18,797)",https://www.flipkart.com/poco-c71-locked-airtel-prepaid-cool-blue-64-gb/p/itmdec407554268b?pid=MOBHAFVJBSV3VH9N&lid=LSTMOBHAFVJBSV3VH9NPL87HP&marketplace=FLIPKART&fm=neo%2Fmerchandising&iid=M_6318631a-30ba-4388-b926-3e7b49ef2b5e_50_Z7D3CY70LPX3_MC.MOBHAFVJBSV3VH9N&ppt=clp&ppn=mobile-phones-store&ssid=ptb59e69v40000001753344723871&otracker=clp_pmu_v2_Poco%2Bsmartphones_6_50.productCard.PMU_V2_POCO%2BC71%2B%2B-%2BLocked%2Bwith%2BAirtel%2BPrepaid%2B%2528Cool%2BBlue%252C%2B64%2BGB%2529_mobile-phones-store_MOBHAFVJBSV3VH9N_neo%2Fmerchandising_5&otracker1=clp_pmu_v2_PINNED_neo%2Fmerchandising_Poco%2Bsmartphones_LIST_productCard_cc_6_NA_view-all&cid=MOBHAFVJBSV3VH9N
"Google Pixel 8a (Porcelain, 128 GB)","₹37,999",4.3,"(6,914)",https://www.flipkart.com/google-pixel-8a-porcelain-128-gb/p/itm619c078bd72f7?pid=MOBGYQ2MYWFSA3XU&lid=LSTMOBGYQ2MYWFSA3XUKOBOBJ&marketplace=FLIPKART&fm=neo%2Fmerchandising&iid=M_6318631a-30ba-4388-b926-3e7b49ef2b5e_51_VAPFSVIRI72Z_MC.MOBGYQ2MYWFSA3XU&ppt=clp&ppn=mobile-phones-store&ssid=ptb59e69v40000001753344723871&otracker=clp_pmu_v2_Google%2Bsmartphones_1_51.productCard.PMU_V2_Google%2BPixel%2B8a%2B%2528Porcelain%252C%2B128%2BGB%2529_mobile-phones-store_MOBGYQ2MYWFSA3XU_neo%2Fmerchandising_0&otracker1=clp_pmu_v2_PINNED_neo%2Fmerchandising_Google%2Bsmartphones_LIST_productCard_cc_1_NA_view-all&cid=MOBGYQ2MYWFSA3XU
"Google Pixel 9A (Obsidian, 256 GB)","₹49,999",4.5,"(1,635)",https://www.flipkart.com/google-pixel-9a-obsidian-256-gb/p/itmf9d1fcfa566cf?pid=MOBH9YMEQUGCHPHN&lid=LSTMOBH9YMEQUGCHPHNSFHZNA&marketplace=FLIPKART&fm=neo%2Fmerchandising&iid=M_6318631a-30ba-4388-b926-3e7b49ef2b5e_51_VAPFSVIRI72Z_MC.MOBH9YMEQUGCHPHN&ppt=clp&ppn=mobile-phones-store&ssid=ptb59e69v40000001753344723871&otracker=clp_pmu_v2_Google%2Bsmartphones_2_51.productCard.PMU_V2_Google%2BPixel%2B9A%2B%2528Obsidian%252C%2B256%2BGB%2529_mobile-phones-store_MOBH9YMEQUGCHPHN_neo%2Fmerchandising_1&otracker1=clp_pmu_v2_PINNED_neo%2Fmerchandising_Google%2Bsmartphones_LIST_productCard_cc_2_NA_view-all&cid=MOBH9YMEQUGCHPHN
"Google Pixel 8a (Obsidian, 128 GB)","₹37,999",4.3,"(6,914)",https://www.flipkart.com/google-pixel-8a-obsidian-128-gb/p/itm5c791e407a330?pid=MOBGYQ2MNHZWXRNY&lid=LSTMOBGYQ2MNHZWXRNYGSN6LA&marketplace=FLIPKART&fm=neo%2Fmerchandising&iid=M_6318631a-30ba-4388-b926-3e7b49ef2b5e_51_VAPFSVIRI72Z_MC.MOBGYQ2MNHZWXRNY&ppt=clp&ppn=mobile-phones-store&ssid=ptb59e69v40000001753344723871&otracker=clp_pmu_v2_Google%2Bsmartphones_3_51.productCard.PMU_V2_Google%2BPixel%2B8a%2B%2528Obsidian%252C%2B128%2BGB%2529_mobile-phones-store_MOBGYQ2MNHZWXRNY_neo%2Fmerchandising_2&otracker1=clp_pmu_v2_PINNED_neo%2Fmerchandising_Google%2Bsmartphones_LIST_productCard_cc_3_NA_view-all&cid=MOBGYQ2MNHZWXRNY
"Google Pixel 9A (Iris, 256 GB)","₹49,999",4.5,"(1,635)",https://www.flipkart.com/google-pixel-9a-iris-256-gb/p/itmb2ce6b5391689?pid=MOBH9YMEHJC9NHHY&lid=LSTMOBH9YMEHJC9NHHYJIL7SI&marketplace=FLIPKART&fm=neo%2Fmerchandising&iid=M_6318631a-30ba-4388-b926-3e7b49ef2b5e_51_VAPFSVIRI72Z_MC.MOBH9YMEHJC9NHHY&ppt=clp&ppn=mobile-phones-store&ssid=ptb59e69v40000001753344723871&otracker=clp_pmu_v2_Google%2Bsmartphones_4_51.productCard.PMU_V2_Google%2BPixel%2B9A%2B%2528Iris%252C%2B256%2BGB%2529_mobile-phones-store_MOBH9YMEHJC9NHHY_neo%2Fmerchandising_3&otracker1=clp_pmu_v2_PINNED_neo%2Fmerchandising_Google%2Bsmartphones_LIST_productCard_cc_4_NA_view-all&cid=MOBH9YMEHJC9NHHY
"Google Pixel 9A (Porcelain, 256 GB)","₹49,999",4.5,"(1,635)",https://www.flipkart.com/google-pixel-9a-porcelain-256-gb/p/itmfe749ceddac9a?pid=MOBH9YME35EYPV4K&lid=LSTMOBH9YME35EYPV4K5K7UZW&marketplace=FLIPKART&fm=neo%2Fmerchandising&iid=M_6318631a-30ba-4388-b926-3e7b49ef2b5e_51_VAPFSVIRI72Z_MC.MOBH9YME35EYPV4K&ppt=clp&ppn=mobile-phones-store&ssid=ptb59e69v40000001753344723871&otracker=clp_pmu_v2_Google%2Bsmartphones_5_51.productCard.PMU_V2_Google%2BPixel%2B9A%2B%2528Porcelain%252C%2B256%2BGB%2529_mobile-phones-store_MOBH9YME35EYPV4K_neo%2Fmerchandising_4&otracker1=clp_pmu_v2_PINNED_neo%2Fmerchandising_Google%2Bsmartphones_LIST_productCard_cc_5_NA_view-all&cid=MOBH9YME35EYPV4K
"Google Pixel 7a (Charcoal, 128 GB)","₹27,999",4.2,"(27,353)",https://www.flipkart.com/google-pixel-7a-charcoal-128-gb/p/itmb4d7b100b1a4d?pid=MOBGZCQMHGWDYZQ7&lid=LSTMOBGZCQMHGWDYZQ7XLJASQ&marketplace=FLIPKART&fm=neo%2Fmerchandising&iid=M_6318631a-30ba-4388-b926-3e7b49ef2b5e_51_VAPFSVIRI72Z_MC.MOBGZCQMHGWDYZQ7&ppt=clp&ppn=mobile-phones-store&ssid=ptb59e69v40000001753344723871&otracker=clp_pmu_v2_Google%2Bsmartphones_6_51.productCard.PMU_V2_Google%2BPixel%2B7a%2B%2528Charcoal%252C%2B128%2BGB%2529_mobile-phones-store_MOBGZCQMHGWDYZQ7_neo%2Fmerchandising_5&otracker1=clp_pmu_v2_PINNED_neo%2Fmerchandising_Google%2Bsmartphones_LIST_productCard_cc_6_NA_view-all&cid=MOBGZCQMHGWDYZQ7
"Infinix SMART 9 HD (Coral Gold, 64 GB)","₹6,699",4.2,"(3,085)",https://www.flipkart.com/infinix-smart-9-hd-coral-gold-64-gb/p/itm6c336dc47593e?pid=MOBH88VZRMYQNBZW&lid=LSTMOBH88VZRMYQNBZWY1BOTR&marketplace=FLIPKART&fm=neo%2Fmerchandising&iid=M_6318631a-30ba-4388-b926-3e7b49ef2b5e_52_CGFUJCCNDQXJ_MC.MOBH88VZRMYQNBZW&ppt=clp&ppn=mobile-phones-store&ssid=ptb59e69v40000001753344723871&otracker=clp_pmu_v2_Infinix%2Bsmartphones_1_52.productCard.PMU_V2_Infinix%2BSMART%2B9%2BHD%2B%2528Coral%2BGold%252C%2B64%2BGB%2529_mobile-phones-store_MOBH88VZRMYQNBZW_neo%2Fmerchandising_0&otracker1=clp_pmu_v2_PINNED_neo%2Fmerchandising_Infinix%2Bsmartphones_LIST_productCard_cc_1_NA_view-all&cid=MOBH88VZRMYQNBZW
"Infinix Hot 50 5G (Vibrant Blue, 128 GB)","₹10,499",4.4,"(17,814)",https://www.flipkart.com/infinix-hot-50-5g-vibrant-blue-128-gb/p/itm61d8bc127842c?pid=MOBH45FZ9QH2BVKQ&lid=LSTMOBH45FZ9QH2BVKQT5WEMA&marketplace=FLIPKART&fm=neo%2Fmerchandising&iid=M_6318631a-30ba-4388-b926-3e7b49ef2b5e_52_CGFUJCCNDQXJ_MC.MOBH45FZ9QH2BVKQ&ppt=clp&ppn=mobile-phones-store&ssid=ptb59e69v40000001753344723871&otracker=clp_pmu_v2_Infinix%2Bsmartphones_2_52.productCard.PMU_V2_Infinix%2BHot%2B50%2B5G%2B%2528Vibrant%2BBlue%252C%2B128%2BGB%2529_mobile-phones-store_MOBH45FZ9QH2BVKQ_neo%2Fmerchandising_1&otracker1=clp_pmu_v2_PINNED_neo%2Fmerchandising_Infinix%2Bsmartphones_LIST_productCard_cc_2_NA_view-all&cid=MOBH45FZ9QH2BVKQ
"Infinix Note 50x 5G+ (Sea Breeze Green, 128 GB)","₹11,499",4.3,"(9,832)",https://www.flipkart.com/infinix-note-50x-5g-sea-breeze-green-128-gb/p/itm094fc01ad674b?pid=MOBHAYMDEZH8RUM8&lid=LSTMOBHAYMDEZH8RUM8ITPPWO&marketplace=FLIPKART&fm=neo%2Fmerchandising&iid=M_6318631a-30ba-4388-b926-3e7b49ef2b5e_52_CGFUJCCNDQXJ_MC.MOBHAYMDEZH8RUM8&ppt=clp&ppn=mobile-phones-store&ssid=ptb59e69v40000001753344723871&otracker=clp_pmu_v2_Infinix%2Bsmartphones_3_52.productCard.PMU_V2_Infinix%2BNote%2B50x%2B5G%252B%2B%2528Sea%2BBreeze%2BGreen%252C%2B128%2BGB%2529_mobile-phones-store_MOBHAYMDEZH8RUM8_neo%2Fmerchandising_2&otracker1=clp_pmu_v2_PINNED_neo%2Fmerchandising_Infinix%2Bsmartphones_LIST_productCard_cc_3_NA_view-all&cid=MOBHAYMDEZH8RUM8
"Infinix Note 50x 5G+ (Enchanted Purple, 128 GB)","₹12,999",4.3,"(2,668)",https://www.flipkart.com/infinix-note-50x-5g-enchanted-purple-128-gb/p/itm094fc01ad674b?pid=MOBHAYMDBVYQFEAA&lid=LSTMOBHAYMDBVYQFEAAWTCZDR&marketplace=FLIPKART&fm=neo%2Fmerchandising&iid=M_6318631a-30ba-4388-b926-3e7b49ef2b5e_52_CGFUJCCNDQXJ_MC.MOBHAYMDBVYQFEAA&ppt=clp&ppn=mobile-phones-store&ssid=ptb59e69v40000001753344723871&otracker=clp_pmu_v2_Infinix%2Bsmartphones_4_52.productCard.PMU_V2_Infinix%2BNote%2B50x%2B5G%252B%2B%2528Enchanted%2BPurple%252C%2B128%2BGB%2529_mobile-phones-store_MOBHAYMDBVYQFEAA_neo%2Fmerchandising_3&otracker1=clp_pmu_v2_PINNED_neo%2Fmerchandising_Infinix%2Bsmartphones_LIST_productCard_cc_4_NA_view-all&cid=MOBHAYMDBVYQFEAA
"Infinix SMART 9 HD (Metallic Black, 64 GB)","₹6,699",4.2,"(3,085)",https://www.flipkart.com/infinix-smart-9-hd-metallic-black-64-gb/p/itm6c336dc47593e?pid=MOBH88VZDZGZ8YMH&lid=LSTMOBH88VZDZGZ8YMHV1BJS0&marketplace=FLIPKART&fm=neo%2Fmerchandising&iid=M_6318631a-30ba-4388-b926-3e7b49ef2b5e_52_CGFUJCCNDQXJ_MC.MOBH88VZDZGZ8YMH&ppt=clp&ppn=mobile-phones-store&ssid=ptb59e69v40000001753344723871&otracker=clp_pmu_v2_Infinix%2Bsmartphones_5_52.productCard.PMU_V2_Infinix%2BSMART%2B9%2BHD%2B%2528Metallic%2BBlack%252C%2B64%2BGB%2529_mobile-phones-store_MOBH88VZDZGZ8YMH_neo%2Fmerchandising_4&otracker1=clp_pmu_v2_PINNED_neo%2Fmerchandising_Infinix%2Bsmartphones_LIST_productCard_cc_5_NA_view-all&cid=MOBH88VZDZGZ8YMH
"Infinix SMART 9 HD (Neo Titanium, 64 GB)","₹6,699",4.2,"(3,085)",https://www.flipkart.com/infinix-smart-9-hd-neo-titanium-64-gb/p/itm6c336dc47593e?pid=MOBH88VZYEFZGVGU&lid=LSTMOBH88VZYEFZGVGUHOPVJG&marketplace=FLIPKART&fm=neo%2Fmerchandising&iid=M_6318631a-30ba-4388-b926-3e7b49ef2b5e_52_CGFUJCCNDQXJ_MC.MOBH88VZYEFZGVGU&ppt=clp&ppn=mobile-phones-store&ssid=ptb59e69v40000001753344723871&otracker=clp_pmu_v2_Infinix%2Bsmartphones_6_52.productCard.PMU_V2_Infinix%2BSMART%2B9%2BHD%2B%2528Neo%2BTitanium%252C%2B64%2BGB%2529_mobile-phones-store_MOBH88VZYEFZGVGU_neo%2Fmerchandising_5&otracker1=clp_pmu_v2_PINNED_neo%2Fmerchandising_Infinix%2Bsmartphones_LIST_productCard_cc_6_NA_view-all&cid=MOBH88VZYEFZGVGU
